asn|vendor_id|sku_id|po_number|ordered_quantity|order_date|received_quantity|operation
asn1||sku01|po_01|5|2022-02-20|4|INSERT
asn2||sku02|po_02|1|2022-02-21|1|INSERT
asn3||sku03|po_03|6|2022-02-22|4|INSERT
asn4||sku04|po_04|10|2022-02-23|5|INSERT
asn5||sku05|po_05|10.5|2022-02-24|5|INSERT
asn6||sku06|po_06|12.5|2022-02-25|5.6|INSERT
asn7||sku07|po_07|14.5|2022-02-26|6.2|INSERT
asn8||sku08|po_08|16.5|2022-02-27|6.8|INSERT
asn9||sku09|po_09|18.5|2022-02-28|7.4|INSERT
asn10||sku10|po_10|20.5|2022-03-01|8|INSERT
asn11||sku11|po_11|22.5|2022-03-02|8.6|INSERT
asn12||sku12|po_12|24.5|2022-03-03|9.2|INSERT
asn13||sku13|po_13|26.5|2022-03-04|9.8|INSERT
asn14||sku14|po_14|28.5|2022-03-05|10.4|INSERT
asn15||sku15|po_15|30.5|2022-03-06|11|INSERT
asn16||sku16|po_16|32.5|2022-03-07|11.6|INSERT
asn17||sku17|po_17|34.5|2022-03-08|12.2|INSERT
asn18||sku18|po_18|36.5|2022-03-09|12.8|INSERT
asn19||sku19|po_19|38.5|2022-03-10|13.4|INSERT
asn20||sku20|po_20|40.5|2022-03-11|14|INSERT
asn21||sku21|po_21|42.5|2022-03-12|14.6|INSERT
asn22||sku22|po_22|44.5|2022-03-13|15.2|INSERT
asn23||sku23|po_23|46.5|2022-03-14|15.8|INSERT
asn24||sku24|po_24|48.5|2022-03-15|16.4|INSERT
asn25||sku25|po_25|50.5|2022-03-16|17|INSERT
asn26||sku26|po_26|52.5|2022-03-17|17.6|INSERT
asn27||sku27|po_27|54.5|2022-03-18|18.2|INSERT
asn28||sku28|po_28|56.5|2022-03-19|18.8|INSERT
asn29||sku29|po_29|58.5|2022-03-20|19.4|INSERT
asn30||sku30|po_30|60.5|2022-03-21|20|INSERT
asn31||sku31|po_31|62.5|2022-03-22|20.6|INSERT
asn32||sku32|po_32|64.5|2022-03-23|21.2|INSERT
asn33||sku33|po_33|66.5|2022-03-24|21.8|INSERT
asn34||sku34|po_34|68.5|2022-03-25|22.4|INSERT
asn35||sku35|po_35|70.5|2022-03-26|23|INSERT
asn36||sku36|po_36|72.5|2022-03-27|23.6|INSERT
asn37||sku37|po_37|74.5|2022-03-28|24.2|INSERT
asn38||sku38|po_38|76.5|2022-03-29|24.8|INSERT
asn39||sku39|po_39|78.5|2022-03-30|25.4|INSERT
asn40||sku40|po_40|80.5|2022-03-31|26|INSERT
asn41||sku41|po_41|82.5|2022-04-01|26.6|INSERT
asn42||sku42|po_42|84.5|2022-04-02|27.2|INSERT
asn43||sku43|po_43|86.5|2022-04-03|27.8|INSERT
asn44||sku44|po_44|88.5|2022-04-04|28.4|INSERT
asn45||sku45|po_45|90.5|2022-04-05|29|INSERT
asn46||sku46|po_46|92.5|2022-04-06|29.6|INSERT
asn47||sku47|po_47|94.5|2022-04-07|30.2|INSERT
asn48||sku48|po_48|96.5|2022-04-08|30.8|INSERT
asn49||sku49|po_49|98.5|2022-04-09|31.4|INSERT
asn50||sku50|po_50|100.5|2022-04-10|32|INSERT
asn51||sku51|po_51|102.5|2022-04-11|32.6|INSERT
asn52||sku52|po_52|104.5|2022-04-12|33.2|INSERT
asn53||sku53|po_53|106.5|2022-04-13|33.8|INSERT
asn54||sku54|po_54|108.5|2022-04-14|34.4|INSERT
asn55||sku55|po_55|110.5|2022-04-15|35|INSERT
asn56||sku56|po_56|112.5|2022-04-16|35.6|INSERT
asn57||sku57|po_57|114.5|2022-04-17|36.2|INSERT
asn58||sku58|po_58|116.5|2022-04-18|36.8|INSERT
asn59||sku59|po_59|118.5|2022-04-19|37.4|INSERT
asn60||sku60|po_60|120.5|2022-04-20|38|INSERT
asn61||sku61|po_61|122.5|2022-04-21|38.6|INSERT
asn62||sku62|po_62|124.5|2022-04-22|39.2|INSERT
asn63||sku63|po_63|126.5|2022-04-23|39.8|INSERT
asn64||sku64|po_64|128.5|2022-04-24|40.4|INSERT
asn65||sku65|po_65|130.5|2022-04-25|41|INSERT
asn66||sku66|po_66|132.5|2022-04-26|41.6|INSERT
asn67||sku67|po_67|134.5|2022-04-27|42.2|INSERT
asn68||sku68|po_68|136.5|2022-04-28|42.8|INSERT
asn69||sku69|po_69|138.5|2022-04-29|43.4|INSERT
asn70||sku70|po_70|140.5|2022-04-30|44|INSERT
asn71||sku71|po_71|142.5|2022-05-01|44.6|INSERT
asn72||sku72|po_72|144.5|2022-05-02|45.2|INSERT
asn73||sku73|po_73|146.5|2022-05-03|45.8|INSERT
asn74||sku74|po_74|148.5|2022-05-04|46.4|INSERT
asn75||sku75|po_75|150.5|2022-05-05|47|INSERT
asn76||sku76|po_76|152.5|2022-05-06|47.6|INSERT
asn77||sku77|po_77|154.5|2022-05-07|48.2|INSERT
asn78||sku78|po_78|156.5|2022-05-08|48.8|INSERT
asn79||sku79|po_79|158.5|2022-05-09|49.4|INSERT
asn80||sku80|po_80|160.5|2022-05-10|50|INSERT
asn81||sku81|po_81|162.5|2022-05-11|50.6|INSERT
asn82||sku82|po_82|164.5|2022-05-12|51.2|INSERT
asn83||sku83|po_83|166.5|2022-05-13|51.8|INSERT
asn84||sku84|po_84|168.5|2022-05-14|52.4|INSERT
asn85||sku85|po_85|170.5|2022-05-15|53|INSERT
asn86||sku86|po_86|172.5|2022-05-16|53.6|INSERT
asn87||sku87|po_87|174.5|2022-05-17|54.2|INSERT
asn88||sku88|po_88|176.5|2022-05-18|54.8|INSERT
asn89||sku89|po_89|178.5|2022-05-19|55.4|INSERT
asn90||sku90|po_90|180.5|2022-05-20|56|INSERT
asn91||sku91|po_91|182.5|2022-05-21|56.6|INSERT
asn92||sku92|po_92|184.5|2022-05-22|57.2|INSERT
asn93||sku93|po_93|186.5|2022-05-23|57.8|INSERT
asn94||sku94|po_94|188.5|2022-05-24|58.4|INSERT
asn95||sku95|po_95|190.5|2022-05-25|59|INSERT
asn96||sku96|po_96|192.5|2022-05-26|59.6|INSERT
asn97||sku97|po_97|194.5|2022-05-27|60.2|INSERT
asn98||sku98|po_98|196.5|2022-05-28|60.8|INSERT
asn99||sku99|po_99|198.5|2022-05-29|61.4|INSERT
asn100||sku100|po_100|200.5|2022-05-30|62|INSERT
asn101||sku101|po_101|202.5|2022-05-31|62.6|INSERT
asn102||sku102|po_102|204.5|2022-06-01|63.2|INSERT
asn103||sku103|po_103|206.5|2022-06-02|63.8|INSERT
asn104||sku104|po_104|208.5|2022-06-03|64.4|INSERT
asn105||sku105|po_105|210.5|2022-06-04|65|INSERT
asn106||sku106|po_106|212.5|2022-06-05|65.6|INSERT
asn107||sku107|po_107|214.5|2022-06-06|66.2|INSERT
asn108||sku108|po_108|216.5|2022-06-07|66.8|INSERT
asn109||sku109|po_109|218.5|2022-06-08|67.4|INSERT
asn110||sku110|po_110|220.5|2022-06-09|68|INSERT
asn111||sku111|po_111|222.5|2022-06-10|68.6|INSERT
asn112||sku112|po_112|224.5|2022-06-11|69.2|INSERT
asn113||sku113|po_113|226.5|2022-06-12|69.8|INSERT
asn114||sku114|po_114|228.5|2022-06-13|70.4|INSERT
asn115||sku115|po_115|230.5|2022-06-14|71|INSERT
asn116||sku116|po_116|232.5|2022-06-15|71.6|INSERT
asn117||sku117|po_117|234.5|2022-06-16|72.2|INSERT
asn118||sku118|po_118|236.5|2022-06-17|72.8|INSERT
asn119||sku119|po_119|238.5|2022-06-18|73.4|INSERT
asn120||sku120|po_120|240.5|2022-06-19|74|INSERT
asn121||sku121|po_121|242.5|2022-06-20|74.6|INSERT
asn122||sku122|po_122|244.5|2022-06-21|75.2|INSERT
asn123||sku123|po_123|246.5|2022-06-22|75.8|INSERT
asn124||sku124|po_124|248.5|2022-06-23|76.4|INSERT
asn125||sku125|po_125|250.5|2022-06-24|77|INSERT
asn126||sku126|po_126|252.5|2022-06-25|77.6|INSERT
asn127||sku127|po_127|254.5|2022-06-26|78.2|INSERT
asn128||sku128|po_128|256.5|2022-06-27|78.8|INSERT
asn129||sku129|po_129|258.5|2022-06-28|79.4|INSERT
asn130||sku130|po_130|260.5|2022-06-29|80|INSERT
asn131||sku131|po_131|262.5|2022-06-30|80.6|INSERT
asn132||sku132|po_132|264.5|2022-07-01|81.2|INSERT
asn133||sku133|po_133|266.5|2022-07-02|81.8|INSERT
asn134||sku134|po_134|268.5|2022-07-03|82.4|INSERT
asn135||sku135|po_135|270.5|2022-07-04|83|INSERT
asn136||sku136|po_136|272.5|2022-07-05|83.6|INSERT
asn137||sku137|po_137|274.5|2022-07-06|84.2|INSERT
asn138||sku138|po_138|276.5|2022-07-07|84.8|INSERT
asn139||sku139|po_139|278.5|2022-07-08|85.4|INSERT
asn140||sku140|po_140|280.5|2022-07-09|86|INSERT
asn141||sku141|po_141|282.5|2022-07-10|86.6|INSERT
asn142||sku142|po_142|284.5|2022-07-11|87.2|INSERT
asn143||sku143|po_143|286.5|2022-07-12|87.8|INSERT
asn144||sku144|po_144|288.5|2022-07-13|88.4|INSERT
asn145||sku145|po_145|290.5|2022-07-14|89|INSERT
asn146||sku146|po_146|292.5|2022-07-15|89.6|INSERT
asn147||sku147|po_147|294.5|2022-07-16|90.2|INSERT
asn148||sku148|po_148|296.5|2022-07-17|90.8|INSERT
asn149||sku149|po_149|298.5|2022-07-18|91.4|INSERT
asn150||sku150|po_150|300.5|2022-07-19|92|INSERT
asn151||sku151|po_151|302.5|2022-07-20|92.6|INSERT
asn152||sku152|po_152|304.5|2022-07-21|93.2|INSERT
asn153||sku153|po_153|306.5|2022-07-22|93.8|INSERT
asn154||sku154|po_154|308.5|2022-07-23|94.4|INSERT
asn155||sku155|po_155|310.5|2022-07-24|95|INSERT
asn156||sku156|po_156|312.5|2022-07-25|95.6|INSERT
asn157||sku157|po_157|314.5|2022-07-26|96.2|INSERT
asn158||sku158|po_158|316.5|2022-07-27|96.8|INSERT
asn159||sku159|po_159|318.5|2022-07-28|97.4|INSERT
asn160||sku160|po_160|320.5|2022-07-29|98|INSERT
asn161||sku161|po_161|322.5|2022-07-30|98.6|INSERT
asn162||sku162|po_162|324.5|2022-07-31|99.2|INSERT
asn163||sku163|po_163|326.5|2022-08-01|99.8|INSERT
asn164||sku164|po_164|328.5|2022-08-02|100.4|INSERT
asn165||sku165|po_165|330.5|2022-08-03|101|INSERT
asn166||sku166|po_166|332.5|2022-08-04|101.6|INSERT
asn167||sku167|po_167|334.5|2022-08-05|102.2|INSERT
asn168||sku168|po_168|336.5|2022-08-06|102.8|INSERT
asn169||sku169|po_169|338.5|2022-08-07|103.4|INSERT
asn170||sku170|po_170|340.5|2022-08-08|104|INSERT
asn171||sku171|po_171|342.5|2022-08-09|104.6|INSERT
asn172||sku172|po_172|344.5|2022-08-10|105.2|INSERT
asn173||sku173|po_173|346.5|2022-08-11|105.8|INSERT
asn174||sku174|po_174|348.5|2022-08-12|106.4|INSERT
asn175||sku175|po_175|350.5|2022-08-13|107|INSERT
asn176||sku176|po_176|352.5|2022-08-14|107.6|INSERT
asn177||sku177|po_177|354.5|2022-08-15|108.2|INSERT
asn178||sku178|po_178|356.5|2022-08-16|108.8|INSERT
asn179||sku179|po_179|358.5|2022-08-17|109.4|INSERT
asn180||sku180|po_180|360.5|2022-08-18|110|INSERT
asn181||sku181|po_181|362.5|2022-08-19|110.6|INSERT
asn182||sku182|po_182|364.5|2022-08-20|111.2|INSERT
asn183||sku183|po_183|366.5|2022-08-21|111.8|INSERT
asn184||sku184|po_184|368.5|2022-08-22|112.4|INSERT
asn185||sku185|po_185|370.5|2022-08-23|113|INSERT
asn186||sku186|po_186|372.5|2022-08-24|113.6|INSERT
asn187||sku187|po_187|374.5|2022-08-25|114.2|INSERT
asn188||sku188|po_188|376.5|2022-08-26|114.8|INSERT
asn189||sku189|po_189|378.5|2022-08-27|115.4|INSERT
asn190||sku190|po_190|380.5|2022-08-28|116|INSERT
asn191||sku191|po_191|382.5|2022-08-29|116.6|INSERT
asn192||sku192|po_192|384.5|2022-08-30|117.2|INSERT
asn193||sku193|po_193|386.5|2022-08-31|117.8|INSERT
asn194||sku194|po_194|388.5|2022-09-01|118.4|INSERT
asn195||sku195|po_195|390.5|2022-09-02|119|INSERT
asn196||sku196|po_196|392.5|2022-09-03|119.6|INSERT
asn197||sku197|po_197|394.5|2022-09-04|120.2|INSERT
asn198||sku198|po_198|396.5|2022-09-05|120.8|INSERT
asn199||sku199|po_199|398.5|2022-09-06|121.4|INSERT
asn200||sku200|po_200|400.5|2022-09-07|122|INSERT
asn201||sku201|po_201|402.5|2022-09-08|122.6|INSERT
asn202||sku202|po_202|404.5|2022-09-09|123.2|INSERT
asn203||sku203|po_203|406.5|2022-09-10|123.8|INSERT
asn204||sku204|po_204|408.5|2022-09-11|124.4|INSERT
asn205||sku205|po_205|410.5|2022-09-12|125|INSERT
asn206||sku206|po_206|412.5|2022-09-13|125.6|INSERT
asn207||sku207|po_207|414.5|2022-09-14|126.2|INSERT
asn208||sku208|po_208|416.5|2022-09-15|126.8|INSERT
asn209||sku209|po_209|418.5|2022-09-16|127.4|INSERT
asn210||sku210|po_210|420.5|2022-09-17|128|INSERT
asn211||sku211|po_211|422.5|2022-09-18|128.6|INSERT
asn212||sku212|po_212|424.5|2022-09-19|129.2|INSERT
asn213||sku213|po_213|426.5|2022-09-20|129.8|INSERT
asn214||sku214|po_214|428.5|2022-09-21|130.4|INSERT
asn215||sku215|po_215|430.5|2022-09-22|131|INSERT
asn216||sku216|po_216|432.5|2022-09-23|131.6|INSERT
asn217||sku217|po_217|434.5|2022-09-24|132.2|INSERT
asn218||sku218|po_218|436.5|2022-09-25|132.8|INSERT
asn219||sku219|po_219|438.5|2022-09-26|133.4|INSERT
asn220||sku220|po_220|440.5|2022-09-27|134|INSERT
asn221||sku221|po_221|442.5|2022-09-28|134.6|INSERT
asn222||sku222|po_222|444.5|2022-09-29|135.2|INSERT
asn223||sku223|po_223|446.5|2022-09-30|135.8|INSERT
asn224||sku224|po_224|448.5|2022-10-01|136.4|INSERT
asn225||sku225|po_225|450.5|2022-10-02|137|INSERT
asn226||sku226|po_226|452.5|2022-10-03|137.6|INSERT
asn227||sku227|po_227|454.5|2022-10-04|138.2|INSERT
asn228||sku228|po_228|456.5|2022-10-05|138.8|INSERT
asn229||sku229|po_229|458.5|2022-10-06|139.4|INSERT
asn230||sku230|po_230|460.5|2022-10-07|140|INSERT
asn231||sku231|po_231|462.5|2022-10-08|140.6|INSERT
asn232||sku232|po_232|464.5|2022-10-09|141.2|INSERT
asn233||sku233|po_233|466.5|2022-10-10|141.8|INSERT
asn234||sku234|po_234|468.5|2022-10-11|142.4|INSERT
asn235||sku235|po_235|470.5|2022-10-12|143|INSERT
asn236||sku236|po_236|472.5|2022-10-13|143.6|INSERT
asn237||sku237|po_237|474.5|2022-10-14|144.2|INSERT
asn238||sku238|po_238|476.5|2022-10-15|144.8|INSERT
asn239||sku239|po_239|478.5|2022-10-16|145.4|INSERT
asn240||sku240|po_240|480.5|2022-10-17|146|INSERT
asn241||sku241|po_241|482.5|2022-10-18|146.6|INSERT
asn242||sku242|po_242|484.5|2022-10-19|147.2|INSERT
asn243||sku243|po_243|486.5|2022-10-20|147.8|INSERT
asn244||sku244|po_244|488.5|2022-10-21|148.4|INSERT
asn245||sku245|po_245|490.5|2022-10-22|149|INSERT
asn246||sku246|po_246|492.5|2022-10-23|149.6|INSERT
asn247||sku247|po_247|494.5|2022-10-24|150.2|INSERT
asn248||sku248|po_248|496.5|2022-10-25|150.8|INSERT
asn249||sku249|po_249|498.5|2022-10-26|151.4|INSERT
asn250||sku250|po_250|500.5|2022-10-27|152|INSERT
asn251||sku251|po_251|502.5|2022-10-28|152.6|INSERT
asn252||sku252|po_252|504.5|2022-10-29|153.2|INSERT
asn253||sku253|po_253|506.5|2022-10-30|153.8|INSERT
asn254||sku254|po_254|508.5|2022-10-31|154.4|INSERT
asn255||sku255|po_255|510.5|2022-11-01|155|INSERT
asn256||sku256|po_256|512.5|2022-11-02|155.6|INSERT
asn257||sku257|po_257|514.5|2022-11-03|156.2|INSERT
asn258||sku258|po_258|516.5|2022-11-04|156.8|INSERT
asn259||sku259|po_259|518.5|2022-11-05|157.4|INSERT
asn260||sku260|po_260|520.5|2022-11-06|158|INSERT
asn261||sku261|po_261|522.5|2022-11-07|158.6|INSERT
asn262||sku262|po_262|524.5|2022-11-08|159.2|INSERT
asn263||sku263|po_263|526.5|2022-11-09|159.8|INSERT
asn264||sku264|po_264|528.5|2022-11-10|160.4|INSERT
asn265||sku265|po_265|530.5|2022-11-11|161|INSERT
asn266||sku266|po_266|532.5|2022-11-12|161.6|INSERT
asn267||sku267|po_267|534.5|2022-11-13|162.2|INSERT
asn268||sku268|po_268|536.5|2022-11-14|162.8|INSERT
asn269||sku269|po_269|538.5|2022-11-15|163.4|INSERT
asn270||sku270|po_270|540.5|2022-11-16|164|INSERT
asn271||sku271|po_271|542.5|2022-11-17|164.6|INSERT
asn272||sku272|po_272|544.5|2022-11-18|165.2|INSERT
asn273||sku273|po_273|546.5|2022-11-19|165.8|INSERT
asn274||sku274|po_274|548.5|2022-11-20|166.4|INSERT
asn275||sku275|po_275|550.5|2022-11-21|167|INSERT
asn276||sku276|po_276|552.5|2022-11-22|167.6|INSERT
asn277||sku277|po_277|554.5|2022-11-23|168.2|INSERT
asn278||sku278|po_278|556.5|2022-11-24|168.8|INSERT
asn279||sku279|po_279|558.5|2022-11-25|169.4|INSERT
asn280||sku280|po_280|560.5|2022-11-26|170|INSERT
asn281||sku281|po_281|562.5|2022-11-27|170.6|INSERT
asn282||sku282|po_282|564.5|2022-11-28|171.2|INSERT
asn283||sku283|po_283|566.5|2022-11-29|171.8|INSERT
asn284||sku284|po_284|568.5|2022-11-30|172.4|INSERT
asn285||sku285|po_285|570.5|2022-12-01|173|INSERT
asn286||sku286|po_286|572.5|2022-12-02|173.6|INSERT
asn287||sku287|po_287|574.5|2022-12-03|174.2|INSERT
asn288||sku288|po_288|576.5|2022-12-04|174.8|INSERT
asn289||sku289|po_289|578.5|2022-12-05|175.4|INSERT
asn290||sku290|po_290|580.5|2022-12-06|176|INSERT
asn291||sku291|po_291|582.5|2022-12-07|176.6|INSERT
asn292||sku292|po_292|584.5|2022-12-08|177.2|INSERT
asn293||sku293|po_293|586.5|2022-12-09|177.8|INSERT
asn294||sku294|po_294|588.5|2022-12-10|178.4|INSERT
asn295||sku295|po_295|590.5|2022-12-11|179|INSERT
asn296||sku296|po_296|592.5|2022-12-12|179.6|INSERT
asn297||sku297|po_297|594.5|2022-12-13|180.2|INSERT
asn298||sku298|po_298|596.5|2022-12-14|180.8|INSERT
asn299||sku299|po_299|598.5|2022-12-15|181.4|INSERT
asn300||sku300|po_300|600.5|2022-12-16|182|INSERT
asn301||sku301|po_301|602.5|2022-12-17|182.6|INSERT
asn302||sku302|po_302|604.5|2022-12-18|183.2|INSERT
asn303||sku303|po_303|606.5|2022-12-19|183.8|INSERT
asn304||sku304|po_304|608.5|2022-12-20|184.4|INSERT
asn305||sku305|po_305|610.5|2022-12-21|185|INSERT
asn306||sku306|po_306|612.5|2022-12-22|185.6|INSERT
asn307||sku307|po_307|614.5|2022-12-23|186.2|INSERT
asn308||sku308|po_308|616.5|2022-12-24|186.8|INSERT
asn309||sku309|po_309|618.5|2022-12-25|187.4|INSERT
asn310||sku310|po_310|620.5|2022-12-26|188|INSERT
asn311||sku311|po_311|622.5|2022-12-27|188.6|INSERT
asn312||sku312|po_312|624.5|2022-12-28|189.2|INSERT
asn313||sku313|po_313|626.5|2022-12-29|189.8|INSERT
asn314||sku314|po_314|628.5|2022-12-30|190.4|INSERT
asn315||sku315|po_315|630.5|2022-12-31|191|INSERT
asn316||sku316|po_316|632.5|2023-01-01|191.6|INSERT
asn317||sku317|po_317|634.5|2023-01-02|192.2|INSERT
asn318||sku318|po_318|636.5|2023-01-03|192.8|INSERT
asn319||sku319|po_319|638.5|2023-01-04|193.4|INSERT
asn320||sku320|po_320|640.5|2023-01-05|194|INSERT
asn321||sku321|po_321|642.5|2023-01-06|194.6|INSERT
asn322||sku322|po_322|644.5|2023-01-07|195.2|INSERT
asn323||sku323|po_323|646.5|2023-01-08|195.8|INSERT
asn324||sku324|po_324|648.5|2023-01-09|196.4|INSERT
asn325||sku325|po_325|650.5|2023-01-10|197|INSERT
asn326||sku326|po_326|652.5|2023-01-11|197.6|INSERT
asn327||sku327|po_327|654.5|2023-01-12|198.2|INSERT
asn328||sku328|po_328|656.5|2023-01-13|198.8|INSERT
asn329||sku329|po_329|658.5|2023-01-14|199.4|INSERT
asn330||sku330|po_330|660.5|2023-01-15|200|INSERT
asn331||sku331|po_331|662.5|2023-01-16|200.6|INSERT
asn332||sku332|po_332|664.5|2023-01-17|201.2|INSERT
asn333||sku333|po_333|666.5|2023-01-18|201.8|INSERT
asn334||sku334|po_334|668.5|2023-01-19|202.4|INSERT
asn335||sku335|po_335|670.5|2023-01-20|203|INSERT
asn336||sku336|po_336|672.5|2023-01-21|203.6|INSERT
asn337||sku337|po_337|674.5|2023-01-22|204.2|INSERT
asn338||sku338|po_338|676.5|2023-01-23|204.8|INSERT
asn339||sku339|po_339|678.5|2023-01-24|205.4|INSERT
asn340||sku340|po_340|680.5|2023-01-25|206|INSERT
asn341||sku341|po_341|682.5|2023-01-26|206.6|INSERT
asn342||sku342|po_342|684.5|2023-01-27|207.2|INSERT
asn343||sku343|po_343|686.5|2023-01-28|207.8|INSERT
asn344||sku344|po_344|688.5|2023-01-29|208.4|INSERT
asn345||sku345|po_345|690.5|2023-01-30|209|INSERT
asn346||sku346|po_346|692.5|2023-01-31|209.6|INSERT
asn347||sku347|po_347|694.5|2023-02-01|210.2|INSERT
asn348||sku348|po_348|696.5|2023-02-02|210.8|INSERT
asn349||sku349|po_349|698.5|2023-02-03|211.4|INSERT
asn350||sku350|po_350|700.5|2023-02-04|212|INSERT
asn351||sku351|po_351|702.5|2023-02-05|212.6|INSERT
asn352||sku352|po_352|704.5|2023-02-06|213.2|INSERT
asn353||sku353|po_353|706.5|2023-02-07|213.8|INSERT
asn354||sku354|po_354|708.5|2023-02-08|214.4|INSERT
asn355||sku355|po_355|710.5|2023-02-09|215|INSERT
asn356||sku356|po_356|712.5|2023-02-10|215.6|INSERT
asn357||sku357|po_357|714.5|2023-02-11|216.2|INSERT
asn358||sku358|po_358|716.5|2023-02-12|216.8|INSERT
asn359||sku359|po_359|718.5|2023-02-13|217.4|INSERT
asn360||sku360|po_360|720.5|2023-02-14|218|INSERT
asn361||sku361|po_361|722.5|2023-02-15|218.6|INSERT
asn362||sku362|po_362|724.5|2023-02-16|219.2|INSERT
asn363||sku363|po_363|726.5|2023-02-17|219.8|INSERT
asn364||sku364|po_364|728.5|2023-02-18|220.4|INSERT
asn365||sku365|po_365|730.5|2023-02-19|221|INSERT
asn366||sku366|po_366|732.5|2023-02-20|221.6|INSERT
asn367||sku367|po_367|734.5|2023-02-21|222.2|INSERT
asn368||sku368|po_368|736.5|2023-02-22|222.8|INSERT
asn369||sku369|po_369|738.5|2023-02-23|223.4|INSERT
asn370||sku370|po_370|740.5|2023-02-24|224|INSERT
asn371||sku371|po_371|742.5|2023-02-25|224.6|INSERT
asn372||sku372|po_372|744.5|2023-02-26|225.2|INSERT
asn373||sku373|po_373|746.5|2023-02-27|225.8|INSERT
asn374||sku374|po_374|748.5|2023-02-28|226.4|INSERT
asn375||sku375|po_375|750.5|2023-03-01|227|INSERT
asn376||sku376|po_376|752.5|2023-03-02|227.6|INSERT
asn377||sku377|po_377|754.5|2023-03-03|228.2|INSERT
asn378||sku378|po_378|756.5|2023-03-04|228.8|INSERT
asn379||sku379|po_379|758.5|2023-03-05|229.4|INSERT
asn380||sku380|po_380|760.5|2023-03-06|230|INSERT
asn381||sku381|po_381|762.5|2023-03-07|230.6|INSERT
asn382||sku382|po_382|764.5|2023-03-08|231.2|INSERT
asn383||sku383|po_383|766.5|2023-03-09|231.8|INSERT
asn384||sku384|po_384|768.5|2023-03-10|232.4|INSERT
asn385||sku385|po_385|770.5|2023-03-11|233|INSERT
asn386||sku386|po_386|772.5|2023-03-12|233.6|INSERT
asn387||sku387|po_387|774.5|2023-03-13|234.2|INSERT
asn388||sku388|po_388|776.5|2023-03-14|234.8|INSERT
asn389||sku389|po_389|778.5|2023-03-15|235.4|INSERT
asn390||sku390|po_390|780.5|2023-03-16|236|INSERT
asn391||sku391|po_391|782.5|2023-03-17|236.6|INSERT
asn392||sku392|po_392|784.5|2023-03-18|237.2|INSERT
asn393||sku393|po_393|786.5|2023-03-19|237.8|INSERT
asn394||sku394|po_394|788.5|2023-03-20|238.4|INSERT
asn395||sku395|po_395|790.5|2023-03-21|239|INSERT
asn396||sku396|po_396|792.5|2023-03-22|239.6|INSERT
asn397||sku397|po_397|794.5|2023-03-23|240.2|INSERT
asn398||sku398|po_398|796.5|2023-03-24|240.8|INSERT
asn399||sku399|po_399|798.5|2023-03-25|241.4|INSERT
asn400||sku400|po_400|800.5|2023-03-26|242|INSERT
asn401||sku401|po_401|802.5|2023-03-27|242.6|INSERT
asn402||sku402|po_402|804.5|2023-03-28|243.2|INSERT
asn403||sku403|po_403|806.5|2023-03-29|243.8|INSERT
asn404||sku404|po_404|808.5|2023-03-30|244.4|INSERT
asn405||sku405|po_405|810.5|2023-03-31|245|INSERT
asn406||sku406|po_406|812.5|2023-04-01|245.6|INSERT
asn407||sku407|po_407|814.5|2023-04-02|246.2|INSERT
asn408||sku408|po_408|816.5|2023-04-03|246.8|INSERT
asn409||sku409|po_409|818.5|2023-04-04|247.4|INSERT
asn410||sku410|po_410|820.5|2023-04-05|248|INSERT
asn411||sku411|po_411|822.5|2023-04-06|248.6|INSERT
asn412||sku412|po_412|824.5|2023-04-07|249.2|INSERT
asn413||sku413|po_413|826.5|2023-04-08|249.8|INSERT
asn414||sku414|po_414|828.5|2023-04-09|250.4|INSERT
asn415||sku415|po_415|830.5|2023-04-10|251|INSERT
asn416||sku416|po_416|832.5|2023-04-11|251.6|INSERT
asn417||sku417|po_417|834.5|2023-04-12|252.2|INSERT
asn418||sku418|po_418|836.5|2023-04-13|252.8|INSERT
asn419||sku419|po_419|838.5|2023-04-14|253.4|INSERT
asn420||sku420|po_420|840.5|2023-04-15|254|INSERT
asn421||sku421|po_421|842.5|2023-04-16|254.6|INSERT
asn422||sku422|po_422|844.5|2023-04-17|255.2|INSERT
asn423||sku423|po_423|846.5|2023-04-18|255.8|INSERT
asn424||sku424|po_424|848.5|2023-04-19|256.4|INSERT
asn425||sku425|po_425|850.5|2023-04-20|257|INSERT
asn426||sku426|po_426|852.5|2023-04-21|257.6|INSERT
asn427||sku427|po_427|854.5|2023-04-22|258.2|INSERT
asn428||sku428|po_428|856.5|2023-04-23|258.8|INSERT
asn429||sku429|po_429|858.5|2023-04-24|259.4|INSERT
asn430||sku430|po_430|860.5|2023-04-25|260|INSERT
asn431||sku431|po_431|862.5|2023-04-26|260.6|INSERT
asn432||sku432|po_432|864.5|2023-04-27|261.2|INSERT
asn433||sku433|po_433|866.5|2023-04-28|261.8|INSERT
asn434||sku434|po_434|868.5|2023-04-29|262.4|INSERT
asn435||sku435|po_435|870.5|2023-04-30|263|INSERT
asn436||sku436|po_436|872.5|2023-05-01|263.6|INSERT
asn437||sku437|po_437|874.5|2023-05-02|264.2|INSERT
asn438||sku438|po_438|876.5|2023-05-03|264.8|INSERT
asn439||sku439|po_439|878.5|2023-05-04|265.4|INSERT
asn440||sku440|po_440|880.5|2023-05-05|266|INSERT
asn441||sku441|po_441|882.5|2023-05-06|266.6|INSERT
asn442||sku442|po_442|884.5|2023-05-07|267.2|INSERT
asn443||sku443|po_443|886.5|2023-05-08|267.8|INSERT
asn444||sku444|po_444|888.5|2023-05-09|268.4|INSERT
asn445||sku445|po_445|890.5|2023-05-10|269|INSERT
asn446||sku446|po_446|892.5|2023-05-11|269.6|INSERT
asn447||sku447|po_447|894.5|2023-05-12|270.2|INSERT
asn448||sku448|po_448|896.5|2023-05-13|270.8|INSERT
asn449||sku449|po_449|898.5|2023-05-14|271.4|INSERT
asn450||sku450|po_450|900.5|2023-05-15|272|INSERT
asn451||sku451|po_451|902.5|2023-05-16|272.6|INSERT
asn452||sku452|po_452|904.5|2023-05-17|273.2|INSERT
asn453||sku453|po_453|906.5|2023-05-18|273.8|INSERT
asn454||sku454|po_454|908.5|2023-05-19|274.4|INSERT
asn455||sku455|po_455|910.5|2023-05-20|275|INSERT
asn456||sku456|po_456|912.5|2023-05-21|275.6|INSERT
asn457||sku457|po_457|914.5|2023-05-22|276.2|INSERT
asn458||sku458|po_458|916.5|2023-05-23|276.8|INSERT
asn459||sku459|po_459|918.5|2023-05-24|277.4|INSERT
asn460||sku460|po_460|920.5|2023-05-25|278|INSERT
asn461||sku461|po_461|922.5|2023-05-26|278.6|INSERT
asn462||sku462|po_462|924.5|2023-05-27|279.2|INSERT
asn463||sku463|po_463|926.5|2023-05-28|279.8|INSERT
asn464||sku464|po_464|928.5|2023-05-29|280.4|INSERT
asn465||sku465|po_465|930.5|2023-05-30|281|INSERT
asn466||sku466|po_466|932.5|2023-05-31|281.6|INSERT
asn467||sku467|po_467|934.5|2023-06-01|282.2|INSERT
asn468||sku468|po_468|936.5|2023-06-02|282.8|INSERT
asn469||sku469|po_469|938.5|2023-06-03|283.4|INSERT
asn470||sku470|po_470|940.5|2023-06-04|284|INSERT
asn471||sku471|po_471|942.5|2023-06-05|284.6|INSERT
asn472||sku472|po_472|944.5|2023-06-06|285.2|INSERT
asn473||sku473|po_473|946.5|2023-06-07|285.8|INSERT
asn474||sku474|po_474|948.5|2023-06-08|286.4|INSERT
asn475||sku475|po_475|950.5|2023-06-09|287|INSERT
asn476||sku476|po_476|952.5|2023-06-10|287.6|INSERT
asn477||sku477|po_477|954.5|2023-06-11|288.2|INSERT
asn478||sku478|po_478|956.5|2023-06-12|288.8|INSERT
asn479||sku479|po_479|958.5|2023-06-13|289.4|INSERT
asn480||sku480|po_480|960.5|2023-06-14|290|INSERT
asn481||sku481|po_481|962.5|2023-06-15|290.6|INSERT
asn482||sku482|po_482|964.5|2023-06-16|291.2|INSERT
asn483||sku483|po_483|966.5|2023-06-17|291.8|INSERT
asn484||sku484|po_484|968.5|2023-06-18|292.4|INSERT
asn485||sku485|po_485|970.5|2023-06-19|293|INSERT
asn486||sku486|po_486|972.5|2023-06-20|293.6|INSERT
asn487||sku487|po_487|974.5|2023-06-21|294.2|INSERT
asn488||sku488|po_488|976.5|2023-06-22|294.8|INSERT
asn489||sku489|po_489|978.5|2023-06-23|295.4|INSERT
asn490||sku490|po_490|980.5|2023-06-24|296|INSERT
asn491||sku491|po_491|982.5|2023-06-25|296.6|INSERT
asn492||sku492|po_492|984.5|2023-06-26|297.2|INSERT
asn493||sku493|po_493|986.5|2023-06-27|297.8|INSERT
asn494||sku494|po_494|988.5|2023-06-28|298.4|INSERT
asn495||sku495|po_495|990.5|2023-06-29|299|INSERT
asn496||sku496|po_496|992.5|2023-06-30|299.6|INSERT
asn497||sku497|po_497|994.5|2023-07-01|300.2|INSERT
asn498||sku498|po_498|996.5|2023-07-02|300.8|INSERT
asn499||sku499|po_499|998.5|2023-07-03|301.4|INSERT
asn500||sku500|po_500|1000.5|2023-07-04|302|INSERT
asn501||sku501|po_501|1002.5|2023-07-05|302.6|INSERT
asn502||sku502|po_502|1004.5|2023-07-06|303.2|INSERT
asn503||sku503|po_503|1006.5|2023-07-07|303.8|INSERT
asn504||sku504|po_504|1008.5|2023-07-08|304.4|INSERT
asn505||sku505|po_505|1010.5|2023-07-09|305|INSERT
asn506||sku506|po_506|1012.5|2023-07-10|305.6|INSERT
asn507||sku507|po_507|1014.5|2023-07-11|306.2|INSERT
asn508||sku508|po_508|1016.5|2023-07-12|306.8|INSERT
asn509||sku509|po_509|1018.5|2023-07-13|307.4|INSERT
asn510||sku510|po_510|1020.5|2023-07-14|308|INSERT
asn511||sku511|po_511|1022.5|2023-07-15|308.6|INSERT
asn512||sku512|po_512|1024.5|2023-07-16|309.2|INSERT
asn513||sku513|po_513|1026.5|2023-07-17|309.8|INSERT
asn514||sku514|po_514|1028.5|2023-07-18|310.4|INSERT
asn515||sku515|po_515|1030.5|2023-07-19|311|INSERT
asn516||sku516|po_516|1032.5|2023-07-20|311.6|INSERT
asn517||sku517|po_517|1034.5|2023-07-21|312.2|INSERT
asn518||sku518|po_518|1036.5|2023-07-22|312.8|INSERT
asn519||sku519|po_519|1038.5|2023-07-23|313.4|INSERT
asn520||sku520|po_520|1040.5|2023-07-24|314|INSERT
asn521||sku521|po_521|1042.5|2023-07-25|314.6|INSERT
asn522||sku522|po_522|1044.5|2023-07-26|315.2|INSERT
asn523||sku523|po_523|1046.5|2023-07-27|315.8|INSERT
asn524||sku524|po_524|1048.5|2023-07-28|316.4|INSERT
asn525||sku525|po_525|1050.5|2023-07-29|317|INSERT
asn526||sku526|po_526|1052.5|2023-07-30|317.6|INSERT
asn527||sku527|po_527|1054.5|2023-07-31|318.2|INSERT
asn528||sku528|po_528|1056.5|2023-08-01|318.8|INSERT
asn529||sku529|po_529|1058.5|2023-08-02|319.4|INSERT
asn530||sku530|po_530|1060.5|2023-08-03|320|INSERT
asn531||sku531|po_531|1062.5|2023-08-04|320.6|INSERT
asn532||sku532|po_532|1064.5|2023-08-05|321.2|INSERT
asn533||sku533|po_533|1066.5|2023-08-06|321.8|INSERT
asn534||sku534|po_534|1068.5|2023-08-07|322.4|INSERT
asn535||sku535|po_535|1070.5|2023-08-08|323|INSERT
asn536||sku536|po_536|1072.5|2023-08-09|323.6|INSERT
asn537||sku537|po_537|1074.5|2023-08-10|324.2|INSERT
asn538||sku538|po_538|1076.5|2023-08-11|324.8|INSERT
asn539||sku539|po_539|1078.5|2023-08-12|325.4|INSERT
asn540||sku540|po_540|1080.5|2023-08-13|326|INSERT
asn541||sku541|po_541|1082.5|2023-08-14|326.6|INSERT
asn542||sku542|po_542|1084.5|2023-08-15|327.2|INSERT
asn543||sku543|po_543|1086.5|2023-08-16|327.8|INSERT
asn544||sku544|po_544|1088.5|2023-08-17|328.4|INSERT
asn545||sku545|po_545|1090.5|2023-08-18|329|INSERT
asn546||sku546|po_546|1092.5|2023-08-19|329.6|INSERT
asn547||sku547|po_547|1094.5|2023-08-20|330.2|INSERT
asn548||sku548|po_548|1096.5|2023-08-21|330.8|INSERT
asn549||sku549|po_549|1098.5|2023-08-22|331.4|INSERT
asn550||sku550|po_550|1100.5|2023-08-23|332|INSERT
asn551||sku551|po_551|1102.5|2023-08-24|332.6|INSERT
asn552||sku552|po_552|1104.5|2023-08-25|333.2|INSERT
asn553||sku553|po_553|1106.5|2023-08-26|333.8|INSERT
asn554||sku554|po_554|1108.5|2023-08-27|334.4|INSERT
asn555||sku555|po_555|1110.5|2023-08-28|335|INSERT
asn556||sku556|po_556|1112.5|2023-08-29|335.6|INSERT
asn557||sku557|po_557|1114.5|2023-08-30|336.2|INSERT
asn558||sku558|po_558|1116.5|2023-08-31|336.8|INSERT
asn559||sku559|po_559|1118.5|2023-09-01|337.4|INSERT
asn560||sku560|po_560|1120.5|2023-09-02|338|INSERT
asn561||sku561|po_561|1122.5|2023-09-03|338.6|INSERT
asn562||sku562|po_562|1124.5|2023-09-04|339.2|INSERT
asn563||sku563|po_563|1126.5|2023-09-05|339.8|INSERT
asn564||sku564|po_564|1128.5|2023-09-06|340.4|INSERT
asn565||sku565|po_565|1130.5|2023-09-07|341|INSERT
asn566||sku566|po_566|1132.5|2023-09-08|341.6|INSERT
asn567||sku567|po_567|1134.5|2023-09-09|342.2|INSERT
asn568||sku568|po_568|1136.5|2023-09-10|342.8|INSERT
asn569||sku569|po_569|1138.5|2023-09-11|343.4|INSERT
asn570||sku570|po_570|1140.5|2023-09-12|344|INSERT
asn571||sku571|po_571|1142.5|2023-09-13|344.6|INSERT
asn572||sku572|po_572|1144.5|2023-09-14|345.2|INSERT
asn573||sku573|po_573|1146.5|2023-09-15|345.8|INSERT
asn574||sku574|po_574|1148.5|2023-09-16|346.4|INSERT
asn575||sku575|po_575|1150.5|2023-09-17|347|INSERT
asn576||sku576|po_576|1152.5|2023-09-18|347.6|INSERT
asn577||sku577|po_577|1154.5|2023-09-19|348.2|INSERT
asn578||sku578|po_578|1156.5|2023-09-20|348.8|INSERT
asn579||sku579|po_579|1158.5|2023-09-21|349.4|INSERT
asn580||sku580|po_580|1160.5|2023-09-22|350|INSERT
asn581||sku581|po_581|1162.5|2023-09-23|350.6|INSERT
asn582||sku582|po_582|1164.5|2023-09-24|351.2|INSERT
asn583||sku583|po_583|1166.5|2023-09-25|351.8|INSERT
asn584||sku584|po_584|1168.5|2023-09-26|352.4|INSERT
asn585||sku585|po_585|1170.5|2023-09-27|353|INSERT
asn586||sku586|po_586|1172.5|2023-09-28|353.6|INSERT
asn587||sku587|po_587|1174.5|2023-09-29|354.2|INSERT
asn588||sku588|po_588|1176.5|2023-09-30|354.8|INSERT
asn589||sku589|po_589|1178.5|2023-10-01|355.4|INSERT
asn590||sku590|po_590|1180.5|2023-10-02|356|INSERT
asn591||sku591|po_591|1182.5|2023-10-03|356.6|INSERT
asn592||sku592|po_592|1184.5|2023-10-04|357.2|INSERT
asn593||sku593|po_593|1186.5|2023-10-05|357.8|INSERT
asn594||sku594|po_594|1188.5|2023-10-06|358.4|INSERT
asn595||sku595|po_595|1190.5|2023-10-07|359|INSERT
asn596||sku596|po_596|1192.5|2023-10-08|359.6|INSERT
asn597||sku597|po_597|1194.5|2023-10-09|360.2|INSERT
asn598||sku598|po_598|1196.5|2023-10-10|360.8|INSERT
asn599||sku599|po_599|1198.5|2023-10-11|361.4|INSERT
asn600||sku600|po_600|1200.5|2023-10-12|362|INSERT
asn601||sku601|po_601|1202.5|2023-10-13|362.6|INSERT
asn602||sku602|po_602|1204.5|2023-10-14|363.2|INSERT
asn603||sku603|po_603|1206.5|2023-10-15|363.8|INSERT
asn604||sku604|po_604|1208.5|2023-10-16|364.4|INSERT
asn605||sku605|po_605|1210.5|2023-10-17|365|INSERT
asn606||sku606|po_606|1212.5|2023-10-18|365.6|INSERT
asn607||sku607|po_607|1214.5|2023-10-19|366.2|INSERT
asn608||sku608|po_608|1216.5|2023-10-20|366.8|INSERT
asn609||sku609|po_609|1218.5|2023-10-21|367.4|INSERT
asn610||sku610|po_610|1220.5|2023-10-22|368|INSERT
asn611||sku611|po_611|1222.5|2023-10-23|368.6|INSERT
asn612||sku612|po_612|1224.5|2023-10-24|369.2|INSERT
asn613||sku613|po_613|1226.5|2023-10-25|369.8|INSERT
asn614||sku614|po_614|1228.5|2023-10-26|370.4|INSERT
asn615||sku615|po_615|1230.5|2023-10-27|371|INSERT
asn616||sku616|po_616|1232.5|2023-10-28|371.6|INSERT
asn617||sku617|po_617|1234.5|2023-10-29|372.2|INSERT
asn618||sku618|po_618|1236.5|2023-10-30|372.8|INSERT
asn619||sku619|po_619|1238.5|2023-10-31|373.4|INSERT
asn620||sku620|po_620|1240.5|2023-11-01|374|INSERT
asn621||sku621|po_621|1242.5|2023-11-02|374.6|INSERT
asn622||sku622|po_622|1244.5|2023-11-03|375.2|INSERT
asn623||sku623|po_623|1246.5|2023-11-04|375.8|INSERT
asn624||sku624|po_624|1248.5|2023-11-05|376.4|INSERT
asn625||sku625|po_625|1250.5|2023-11-06|377|INSERT
asn626||sku626|po_626|1252.5|2023-11-07|377.6|INSERT
asn627||sku627|po_627|1254.5|2023-11-08|378.2|INSERT
asn628||sku628|po_628|1256.5|2023-11-09|378.8|INSERT
asn629||sku629|po_629|1258.5|2023-11-10|379.4|INSERT
asn630||sku630|po_630|1260.5|2023-11-11|380|INSERT
asn631||sku631|po_631|1262.5|2023-11-12|380.6|INSERT
asn632||sku632|po_632|1264.5|2023-11-13|381.2|INSERT
asn633||sku633|po_633|1266.5|2023-11-14|381.8|INSERT
asn634||sku634|po_634|1268.5|2023-11-15|382.4|INSERT
asn635||sku635|po_635|1270.5|2023-11-16|383|INSERT
asn636||sku636|po_636|1272.5|2023-11-17|383.6|INSERT
asn637||sku637|po_637|1274.5|2023-11-18|384.2|INSERT
asn638||sku638|po_638|1276.5|2023-11-19|384.8|INSERT
asn639||sku639|po_639|1278.5|2023-11-20|385.4|INSERT
asn640||sku640|po_640|1280.5|2023-11-21|386|INSERT
asn641||sku641|po_641|1282.5|2023-11-22|386.6|INSERT
asn642||sku642|po_642|1284.5|2023-11-23|387.2|INSERT
asn643||sku643|po_643|1286.5|2023-11-24|387.8|INSERT
asn644||sku644|po_644|1288.5|2023-11-25|388.4|INSERT
asn645||sku645|po_645|1290.5|2023-11-26|389|INSERT
asn646||sku646|po_646|1292.5|2023-11-27|389.6|INSERT
asn647||sku647|po_647|1294.5|2023-11-28|390.2|INSERT
asn648||sku648|po_648|1296.5|2023-11-29|390.8|INSERT
asn649||sku649|po_649|1298.5|2023-11-30|391.4|INSERT
asn650||sku650|po_650|1300.5|2023-12-01|392|INSERT
asn651||sku651|po_651|1302.5|2023-12-02|392.6|INSERT
asn652||sku652|po_652|1304.5|2023-12-03|393.2|INSERT
asn653||sku653|po_653|1306.5|2023-12-04|393.8|INSERT
asn654||sku654|po_654|1308.5|2023-12-05|394.4|INSERT
asn655||sku655|po_655|1310.5|2023-12-06|395|INSERT
asn656||sku656|po_656|1312.5|2023-12-07|395.6|INSERT
asn657||sku657|po_657|1314.5|2023-12-08|396.2|INSERT
asn658||sku658|po_658|1316.5|2023-12-09|396.8|INSERT
asn659||sku659|po_659|1318.5|2023-12-10|397.4|INSERT
asn660||sku660|po_660|1320.5|2023-12-11|398|INSERT
asn661||sku661|po_661|1322.5|2023-12-12|398.6|INSERT
asn662||sku662|po_662|1324.5|2023-12-13|399.2|INSERT
asn663||sku663|po_663|1326.5|2023-12-14|399.8|INSERT
asn664||sku664|po_664|1328.5|2023-12-15|400.4|INSERT
asn665||sku665|po_665|1330.5|2023-12-16|401|INSERT
asn666||sku666|po_666|1332.5|2023-12-17|401.6|INSERT
asn667||sku667|po_667|1334.5|2023-12-18|402.2|INSERT
asn668||sku668|po_668|1336.5|2023-12-19|402.8|INSERT
asn669||sku669|po_669|1338.5|2023-12-20|403.4|INSERT
asn670||sku670|po_670|1340.5|2023-12-21|404|INSERT
asn671||sku671|po_671|1342.5|2023-12-22|404.6|INSERT
asn672||sku672|po_672|1344.5|2023-12-23|405.2|INSERT
asn673||sku673|po_673|1346.5|2023-12-24|405.8|INSERT
asn674||sku674|po_674|1348.5|2023-12-25|406.4|INSERT
asn675||sku675|po_675|1350.5|2023-12-26|407|INSERT
asn676||sku676|po_676|1352.5|2023-12-27|407.6|INSERT
asn677||sku677|po_677|1354.5|2023-12-28|408.2|INSERT
asn678||sku678|po_678|1356.5|2023-12-29|408.8|INSERT
asn679||sku679|po_679|1358.5|2023-12-30|409.4|INSERT
asn680||sku680|po_680|1360.5|2023-12-31|410|INSERT
asn681||sku681|po_681|1362.5|2024-01-01|410.6|INSERT
asn682||sku682|po_682|1364.5|2024-01-02|411.2|INSERT
asn683||sku683|po_683|1366.5|2024-01-03|411.8|INSERT
asn684||sku684|po_684|1368.5|2024-01-04|412.4|INSERT
asn685||sku685|po_685|1370.5|2024-01-05|413|INSERT
asn686||sku686|po_686|1372.5|2024-01-06|413.6|INSERT
asn687||sku687|po_687|1374.5|2024-01-07|414.2|INSERT
asn688||sku688|po_688|1376.5|2024-01-08|414.8|INSERT
asn689||sku689|po_689|1378.5|2024-01-09|415.4|INSERT
asn690||sku690|po_690|1380.5|2024-01-10|416|INSERT
asn691||sku691|po_691|1382.5|2024-01-11|416.6|INSERT
asn692||sku692|po_692|1384.5|2024-01-12|417.2|INSERT
asn693||sku693|po_693|1386.5|2024-01-13|417.8|INSERT
asn694||sku694|po_694|1388.5|2024-01-14|418.4|INSERT
asn695||sku695|po_695|1390.5|2024-01-15|419|INSERT
asn696||sku696|po_696|1392.5|2024-01-16|419.6|INSERT
asn697||sku697|po_697|1394.5|2024-01-17|420.2|INSERT
asn698||sku698|po_698|1396.5|2024-01-18|420.8|INSERT
asn699||sku699|po_699|1398.5|2024-01-19|421.4|INSERT
asn700||sku700|po_700|1400.5|2024-01-20|422|INSERT
asn701||sku701|po_701|1402.5|2024-01-21|422.6|INSERT
asn702||sku702|po_702|1404.5|2024-01-22|423.2|INSERT
asn703||sku703|po_703|1406.5|2024-01-23|423.8|INSERT
asn704||sku704|po_704|1408.5|2024-01-24|424.4|INSERT
asn705||sku705|po_705|1410.5|2024-01-25|425|INSERT
asn706||sku706|po_706|1412.5|2024-01-26|425.6|INSERT
asn707||sku707|po_707|1414.5|2024-01-27|426.2|INSERT
asn708||sku708|po_708|1416.5|2024-01-28|426.8|INSERT
asn709||sku709|po_709|1418.5|2024-01-29|427.4|INSERT
asn710||sku710|po_710|1420.5|2024-01-30|428|INSERT
asn711||sku711|po_711|1422.5|2024-01-31|428.6|INSERT
asn712||sku712|po_712|1424.5|2024-02-01|429.2|INSERT
asn713||sku713|po_713|1426.5|2024-02-02|429.8|INSERT
asn714||sku714|po_714|1428.5|2024-02-03|430.4|INSERT
asn715||sku715|po_715|1430.5|2024-02-04|431|INSERT
asn716||sku716|po_716|1432.5|2024-02-05|431.6|INSERT
asn717||sku717|po_717|1434.5|2024-02-06|432.2|INSERT
asn718||sku718|po_718|1436.5|2024-02-07|432.8|INSERT
asn719||sku719|po_719|1438.5|2024-02-08|433.4|INSERT
asn720||sku720|po_720|1440.5|2024-02-09|434|INSERT
asn721||sku721|po_721|1442.5|2024-02-10|434.6|INSERT
asn722||sku722|po_722|1444.5|2024-02-11|435.2|INSERT
asn723||sku723|po_723|1446.5|2024-02-12|435.8|INSERT
asn724||sku724|po_724|1448.5|2024-02-13|436.4|INSERT
asn725||sku725|po_725|1450.5|2024-02-14|437|INSERT
asn726||sku726|po_726|1452.5|2024-02-15|437.6|INSERT
asn727||sku727|po_727|1454.5|2024-02-16|438.2|INSERT
asn728||sku728|po_728|1456.5|2024-02-17|438.8|INSERT
asn729||sku729|po_729|1458.5|2024-02-18|439.4|INSERT
asn730||sku730|po_730|1460.5|2024-02-19|440|INSERT
asn731||sku731|po_731|1462.5|2024-02-20|440.6|INSERT
asn732||sku732|po_732|1464.5|2024-02-21|441.2|INSERT
asn733||sku733|po_733|1466.5|2024-02-22|441.8|INSERT
asn734||sku734|po_734|1468.5|2024-02-23|442.4|INSERT
asn735||sku735|po_735|1470.5|2024-02-24|443|INSERT
asn736||sku736|po_736|1472.5|2024-02-25|443.6|INSERT
asn737||sku737|po_737|1474.5|2024-02-26|444.2|INSERT
asn738||sku738|po_738|1476.5|2024-02-27|444.8|INSERT
asn739||sku739|po_739|1478.5|2024-02-28|445.4|INSERT
asn740||sku740|po_740|1480.5|2024-02-29|446|INSERT
asn741||sku741|po_741|1482.5|2024-03-01|446.6|INSERT
asn742||sku742|po_742|1484.5|2024-03-02|447.2|INSERT
asn743||sku743|po_743|1486.5|2024-03-03|447.8|INSERT
asn744||sku744|po_744|1488.5|2024-03-04|448.4|INSERT
asn745||sku745|po_745|1490.5|2024-03-05|449|INSERT
asn746||sku746|po_746|1492.5|2024-03-06|449.6|INSERT
asn747||sku747|po_747|1494.5|2024-03-07|450.2|INSERT
asn748||sku748|po_748|1496.5|2024-03-08|450.8|INSERT
asn749||sku749|po_749|1498.5|2024-03-09|451.4|INSERT
asn750||sku750|po_750|1500.5|2024-03-10|452|INSERT
asn751||sku751|po_751|1502.5|2024-03-11|452.6|INSERT
asn752||sku752|po_752|1504.5|2024-03-12|453.2|INSERT
asn753||sku753|po_753|1506.5|2024-03-13|453.8|INSERT
asn754||sku754|po_754|1508.5|2024-03-14|454.4|INSERT
asn755||sku755|po_755|1510.5|2024-03-15|455|INSERT
asn756||sku756|po_756|1512.5|2024-03-16|455.6|INSERT
asn757||sku757|po_757|1514.5|2024-03-17|456.2|INSERT
asn758||sku758|po_758|1516.5|2024-03-18|456.8|INSERT
asn759||sku759|po_759|1518.5|2024-03-19|457.4|INSERT
asn760||sku760|po_760|1520.5|2024-03-20|458|INSERT
asn761||sku761|po_761|1522.5|2024-03-21|458.6|INSERT
asn762||sku762|po_762|1524.5|2024-03-22|459.2|INSERT
asn763||sku763|po_763|1526.5|2024-03-23|459.8|INSERT
asn764||sku764|po_764|1528.5|2024-03-24|460.4|INSERT
asn765||sku765|po_765|1530.5|2024-03-25|461|INSERT
asn766||sku766|po_766|1532.5|2024-03-26|461.6|INSERT
asn767||sku767|po_767|1534.5|2024-03-27|462.2|INSERT
asn768||sku768|po_768|1536.5|2024-03-28|462.8|INSERT
asn769||sku769|po_769|1538.5|2024-03-29|463.4|INSERT
asn770||sku770|po_770|1540.5|2024-03-30|464|INSERT
asn771||sku771|po_771|1542.5|2024-03-31|464.6|INSERT
asn772||sku772|po_772|1544.5|2024-04-01|465.2|INSERT
asn773||sku773|po_773|1546.5|2024-04-02|465.8|INSERT
asn774||sku774|po_774|1548.5|2024-04-03|466.4|INSERT
asn775||sku775|po_775|1550.5|2024-04-04|467|INSERT
asn776||sku776|po_776|1552.5|2024-04-05|467.6|INSERT
asn777||sku777|po_777|1554.5|2024-04-06|468.2|INSERT
asn778||sku778|po_778|1556.5|2024-04-07|468.8|INSERT
asn779||sku779|po_779|1558.5|2024-04-08|469.4|INSERT
asn780||sku780|po_780|1560.5|2024-04-09|470|INSERT
asn781||sku781|po_781|1562.5|2024-04-10|470.6|INSERT
asn782||sku782|po_782|1564.5|2024-04-11|471.2|INSERT
asn783||sku783|po_783|1566.5|2024-04-12|471.8|INSERT
asn784||sku784|po_784|1568.5|2024-04-13|472.4|INSERT
asn785||sku785|po_785|1570.5|2024-04-14|473|INSERT
asn786||sku786|po_786|1572.5|2024-04-15|473.6|INSERT
asn787||sku787|po_787|1574.5|2024-04-16|474.2|INSERT
asn788||sku788|po_788|1576.5|2024-04-17|474.8|INSERT
asn789||sku789|po_789|1578.5|2024-04-18|475.4|INSERT
asn790||sku790|po_790|1580.5|2024-04-19|476|INSERT
asn791||sku791|po_791|1582.5|2024-04-20|476.6|INSERT
asn792||sku792|po_792|1584.5|2024-04-21|477.2|INSERT
asn793||sku793|po_793|1586.5|2024-04-22|477.8|INSERT
asn794||sku794|po_794|1588.5|2024-04-23|478.4|INSERT
asn795||sku795|po_795|1590.5|2024-04-24|479|INSERT
asn796||sku796|po_796|1592.5|2024-04-25|479.6|INSERT
asn797||sku797|po_797|1594.5|2024-04-26|480.2|INSERT
asn798||sku798|po_798|1596.5|2024-04-27|480.8|INSERT
asn799||sku799|po_799|1598.5|2024-04-28|481.4|INSERT
asn800||sku800|po_800|1600.5|2024-04-29|482|INSERT
asn801||sku801|po_801|1602.5|2024-04-30|482.6|INSERT
asn802||sku802|po_802|1604.5|2024-05-01|483.2|INSERT
asn803||sku803|po_803|1606.5|2024-05-02|483.8|INSERT
asn804||sku804|po_804|1608.5|2024-05-03|484.4|INSERT
asn805||sku805|po_805|1610.5|2024-05-04|485|INSERT
asn806||sku806|po_806|1612.5|2024-05-05|485.6|INSERT
asn807||sku807|po_807|1614.5|2024-05-06|486.2|INSERT
asn808||sku808|po_808|1616.5|2024-05-07|486.8|INSERT
asn809||sku809|po_809|1618.5|2024-05-08|487.4|INSERT
asn810||sku810|po_810|1620.5|2024-05-09|488|INSERT
asn811||sku811|po_811|1622.5|2024-05-10|488.6|INSERT
asn812||sku812|po_812|1624.5|2024-05-11|489.2|INSERT
asn813||sku813|po_813|1626.5|2024-05-12|489.8|INSERT
asn814||sku814|po_814|1628.5|2024-05-13|490.4|INSERT
asn815||sku815|po_815|1630.5|2024-05-14|491|INSERT
asn816||sku816|po_816|1632.5|2024-05-15|491.6|INSERT
asn817||sku817|po_817|1634.5|2024-05-16|492.2|INSERT
asn818||sku818|po_818|1636.5|2024-05-17|492.8|INSERT
asn819||sku819|po_819|1638.5|2024-05-18|493.4|INSERT
asn820||sku820|po_820|1640.5|2024-05-19|494|INSERT
asn821||sku821|po_821|1642.5|2024-05-20|494.6|INSERT
asn822||sku822|po_822|1644.5|2024-05-21|495.2|INSERT
asn823||sku823|po_823|1646.5|2024-05-22|495.8|INSERT
asn824||sku824|po_824|1648.5|2024-05-23|496.4|INSERT
asn825||sku825|po_825|1650.5|2024-05-24|497|INSERT
asn826||sku826|po_826|1652.5|2024-05-25|497.6|INSERT
asn827||sku827|po_827|1654.5|2024-05-26|498.2|INSERT
asn828||sku828|po_828|1656.5|2024-05-27|498.8|INSERT
asn829||sku829|po_829|1658.5|2024-05-28|499.4|INSERT
asn830||sku830|po_830|1660.5|2024-05-29|500|INSERT
asn831||sku831|po_831|1662.5|2024-05-30|500.6|INSERT
asn832||sku832|po_832|1664.5|2024-05-31|501.2|INSERT
asn833||sku833|po_833|1666.5|2024-06-01|501.8|INSERT
asn834||sku834|po_834|1668.5|2024-06-02|502.4|INSERT
asn835||sku835|po_835|1670.5|2024-06-03|503|INSERT
asn836||sku836|po_836|1672.5|2024-06-04|503.6|INSERT
asn837||sku837|po_837|1674.5|2024-06-05|504.2|INSERT
asn838||sku838|po_838|1676.5|2024-06-06|504.8|INSERT
asn839||sku839|po_839|1678.5|2024-06-07|505.4|INSERT
asn840||sku840|po_840|1680.5|2024-06-08|506|INSERT
asn841||sku841|po_841|1682.5|2024-06-09|506.6|INSERT
asn842||sku842|po_842|1684.5|2024-06-10|507.2|INSERT
asn843||sku843|po_843|1686.5|2024-06-11|507.8|INSERT
asn844||sku844|po_844|1688.5|2024-06-12|508.4|INSERT
asn845||sku845|po_845|1690.5|2024-06-13|509|INSERT
asn846||sku846|po_846|1692.5|2024-06-14|509.6|INSERT
asn847||sku847|po_847|1694.5|2024-06-15|510.2|INSERT
asn848||sku848|po_848|1696.5|2024-06-16|510.8|INSERT
asn849||sku849|po_849|1698.5|2024-06-17|511.4|INSERT
asn850||sku850|po_850|1700.5|2024-06-18|512|INSERT
asn851||sku851|po_851|1702.5|2024-06-19|512.6|INSERT
asn852||sku852|po_852|1704.5|2024-06-20|513.2|INSERT
asn853||sku853|po_853|1706.5|2024-06-21|513.8|INSERT
asn854||sku854|po_854|1708.5|2024-06-22|514.4|INSERT
asn855||sku855|po_855|1710.5|2024-06-23|515|INSERT
asn856||sku856|po_856|1712.5|2024-06-24|515.6|INSERT
asn857||sku857|po_857|1714.5|2024-06-25|516.2|INSERT
asn858||sku858|po_858|1716.5|2024-06-26|516.8|INSERT
asn859||sku859|po_859|1718.5|2024-06-27|517.4|INSERT
asn860||sku860|po_860|1720.5|2024-06-28|518|INSERT
asn861||sku861|po_861|1722.5|2024-06-29|518.6|INSERT
asn862||sku862|po_862|1724.5|2024-06-30|519.2|INSERT
asn863||sku863|po_863|1726.5|2024-07-01|519.8|INSERT
asn864||sku864|po_864|1728.5|2024-07-02|520.4|INSERT
asn865||sku865|po_865|1730.5|2024-07-03|521|INSERT
asn866||sku866|po_866|1732.5|2024-07-04|521.6|INSERT
asn867||sku867|po_867|1734.5|2024-07-05|522.2|INSERT
asn868||sku868|po_868|1736.5|2024-07-06|522.8|INSERT
asn869||sku869|po_869|1738.5|2024-07-07|523.4|INSERT
asn870||sku870|po_870|1740.5|2024-07-08|524|INSERT
asn871||sku871|po_871|1742.5|2024-07-09|524.6|INSERT
asn872||sku872|po_872|1744.5|2024-07-10|525.2|INSERT
asn873||sku873|po_873|1746.5|2024-07-11|525.8|INSERT
asn874||sku874|po_874|1748.5|2024-07-12|526.4|INSERT
asn875||sku875|po_875|1750.5|2024-07-13|527|INSERT
asn876||sku876|po_876|1752.5|2024-07-14|527.6|INSERT
asn877||sku877|po_877|1754.5|2024-07-15|528.2|INSERT
asn878||sku878|po_878|1756.5|2024-07-16|528.8|INSERT
asn879||sku879|po_879|1758.5|2024-07-17|529.4|INSERT
asn880||sku880|po_880|1760.5|2024-07-18|530|INSERT
asn881||sku881|po_881|1762.5|2024-07-19|530.6|INSERT
asn882||sku882|po_882|1764.5|2024-07-20|531.2|INSERT
asn883||sku883|po_883|1766.5|2024-07-21|531.8|INSERT
asn884||sku884|po_884|1768.5|2024-07-22|532.4|INSERT
asn885||sku885|po_885|1770.5|2024-07-23|533|INSERT
asn886||sku886|po_886|1772.5|2024-07-24|533.6|INSERT
asn887||sku887|po_887|1774.5|2024-07-25|534.2|INSERT
asn888||sku888|po_888|1776.5|2024-07-26|534.8|INSERT
asn889||sku889|po_889|1778.5|2024-07-27|535.4|INSERT
asn890||sku890|po_890|1780.5|2024-07-28|536|INSERT
asn891||sku891|po_891|1782.5|2024-07-29|536.6|INSERT
asn892||sku892|po_892|1784.5|2024-07-30|537.2|INSERT
asn893||sku893|po_893|1786.5|2024-07-31|537.8|INSERT
asn894||sku894|po_894|1788.5|2024-08-01|538.4|INSERT
asn895||sku895|po_895|1790.5|2024-08-02|539|INSERT
asn896||sku896|po_896|1792.5|2024-08-03|539.6|INSERT
asn897||sku897|po_897|1794.5|2024-08-04|540.2|INSERT
asn898||sku898|po_898|1796.5|2024-08-05|540.8|INSERT
asn899||sku899|po_899|1798.5|2024-08-06|541.4|INSERT
asn900||sku900|po_900|1800.5|2024-08-07|542|INSERT
asn901||sku901|po_901|1802.5|2024-08-08|542.6|INSERT
asn902||sku902|po_902|1804.5|2024-08-09|543.2|INSERT
asn903||sku903|po_903|1806.5|2024-08-10|543.8|INSERT
asn904||sku904|po_904|1808.5|2024-08-11|544.4|INSERT
asn905||sku905|po_905|1810.5|2024-08-12|545|INSERT
asn906||sku906|po_906|1812.5|2024-08-13|545.6|INSERT
asn907||sku907|po_907|1814.5|2024-08-14|546.2|INSERT
asn908||sku908|po_908|1816.5|2024-08-15|546.8|INSERT
asn909||sku909|po_909|1818.5|2024-08-16|547.4|INSERT
asn910||sku910|po_910|1820.5|2024-08-17|548|INSERT
asn911||sku911|po_911|1822.5|2024-08-18|548.6|INSERT
asn912||sku912|po_912|1824.5|2024-08-19|549.2|INSERT
asn913||sku913|po_913|1826.5|2024-08-20|549.8|INSERT
asn914||sku914|po_914|1828.5|2024-08-21|550.4|INSERT
asn915||sku915|po_915|1830.5|2024-08-22|551|INSERT
asn916||sku916|po_916|1832.5|2024-08-23|551.6|INSERT
asn917||sku917|po_917|1834.5|2024-08-24|552.2|INSERT
asn918||sku918|po_918|1836.5|2024-08-25|552.8|INSERT
asn919||sku919|po_919|1838.5|2024-08-26|553.4|INSERT
asn920||sku920|po_920|1840.5|2024-08-27|554|INSERT
asn921||sku921|po_921|1842.5|2024-08-28|554.6|INSERT
asn922||sku922|po_922|1844.5|2024-08-29|555.2|INSERT
asn923||sku923|po_923|1846.5|2024-08-30|555.8|INSERT
asn924||sku924|po_924|1848.5|2024-08-31|556.4|INSERT
asn925||sku925|po_925|1850.5|2024-09-01|557|INSERT
asn926||sku926|po_926|1852.5|2024-09-02|557.6|INSERT
asn927||sku927|po_927|1854.5|2024-09-03|558.2|INSERT
asn928||sku928|po_928|1856.5|2024-09-04|558.8|INSERT
asn929||sku929|po_929|1858.5|2024-09-05|559.4|INSERT
asn930||sku930|po_930|1860.5|2024-09-06|560|INSERT
asn931||sku931|po_931|1862.5|2024-09-07|560.6|INSERT
asn932||sku932|po_932|1864.5|2024-09-08|561.2|INSERT
asn933||sku933|po_933|1866.5|2024-09-09|561.8|INSERT
asn934||sku934|po_934|1868.5|2024-09-10|562.4|INSERT
asn935||sku935|po_935|1870.5|2024-09-11|563|INSERT
asn936||sku936|po_936|1872.5|2024-09-12|563.6|INSERT
asn937||sku937|po_937|1874.5|2024-09-13|564.2|INSERT
asn938||sku938|po_938|1876.5|2024-09-14|564.8|INSERT
asn939||sku939|po_939|1878.5|2024-09-15|565.4|INSERT
asn940||sku940|po_940|1880.5|2024-09-16|566|INSERT
asn941||sku941|po_941|1882.5|2024-09-17|566.6|INSERT
asn942||sku942|po_942|1884.5|2024-09-18|567.2|INSERT
asn943||sku943|po_943|1886.5|2024-09-19|567.8|INSERT
asn944||sku944|po_944|1888.5|2024-09-20|568.4|INSERT
asn945||sku945|po_945|1890.5|2024-09-21|569|INSERT
asn946||sku946|po_946|1892.5|2024-09-22|569.6|INSERT
asn947||sku947|po_947|1894.5|2024-09-23|570.2|INSERT
asn948||sku948|po_948|1896.5|2024-09-24|570.8|INSERT
asn949||sku949|po_949|1898.5|2024-09-25|571.4|INSERT
asn950||sku950|po_950|1900.5|2024-09-26|572|INSERT
asn951||sku951|po_951|1902.5|2024-09-27|572.6|INSERT
asn952||sku952|po_952|1904.5|2024-09-28|573.2|INSERT
asn953||sku953|po_953|1906.5|2024-09-29|573.8|INSERT
asn954||sku954|po_954|1908.5|2024-09-30|574.4|INSERT
asn955||sku955|po_955|1910.5|2024-10-01|575|INSERT
asn956||sku956|po_956|1912.5|2024-10-02|575.6|INSERT
asn957||sku957|po_957|1914.5|2024-10-03|576.2|INSERT
asn958||sku958|po_958|1916.5|2024-10-04|576.8|INSERT
asn959||sku959|po_959|1918.5|2024-10-05|577.4|INSERT
asn960||sku960|po_960|1920.5|2024-10-06|578|INSERT
asn961||sku961|po_961|1922.5|2024-10-07|578.6|INSERT
asn962||sku962|po_962|1924.5|2024-10-08|579.2|INSERT
asn963||sku963|po_963|1926.5|2024-10-09|579.8|INSERT
asn964||sku964|po_964|1928.5|2024-10-10|580.4|INSERT
asn965||sku965|po_965|1930.5|2024-10-11|581|INSERT
asn966||sku966|po_966|1932.5|2024-10-12|581.6|INSERT
asn967||sku967|po_967|1934.5|2024-10-13|582.2|INSERT
asn968||sku968|po_968|1936.5|2024-10-14|582.8|INSERT
asn969||sku969|po_969|1938.5|2024-10-15|583.4|INSERT
asn970||sku970|po_970|1940.5|2024-10-16|584|INSERT
asn971||sku971|po_971|1942.5|2024-10-17|584.6|INSERT
asn972||sku972|po_972|1944.5|2024-10-18|585.2|INSERT
asn973||sku973|po_973|1946.5|2024-10-19|585.8|INSERT
asn974||sku974|po_974|1948.5|2024-10-20|586.4|INSERT
asn975||sku975|po_975|1950.5|2024-10-21|587|INSERT
asn976||sku976|po_976|1952.5|2024-10-22|587.6|INSERT
asn977||sku977|po_977|1954.5|2024-10-23|588.2|INSERT
asn978||sku978|po_978|1956.5|2024-10-24|588.8|INSERT
asn979||sku979|po_979|1958.5|2024-10-25|589.4|INSERT
asn980||sku980|po_980|1960.5|2024-10-26|590|INSERT
asn981||sku981|po_981|1962.5|2024-10-27|590.6|INSERT
asn982||sku982|po_982|1964.5|2024-10-28|591.2|INSERT
asn983||sku983|po_983|1966.5|2024-10-29|591.8|INSERT
asn984||sku984|po_984|1968.5|2024-10-30|592.4|INSERT
asn985||sku985|po_985|1970.5|2024-10-31|593|INSERT
asn986||sku986|po_986|1972.5|2024-11-01|593.6|INSERT
asn987||sku987|po_987|1974.5|2024-11-02|594.2|INSERT
asn988||sku988|po_988|1976.5|2024-11-03|594.8|INSERT
asn989||sku989|po_989|1978.5|2024-11-04|595.4|INSERT
asn990||sku990|po_990|1980.5|2024-11-05|596|INSERT
asn991||sku991|po_991|1982.5|2024-11-06|596.6|INSERT
asn992||sku992|po_992|1984.5|2024-11-07|597.2|INSERT
asn993||sku993|po_993|1986.5|2024-11-08|597.8|INSERT
asn994||sku994|po_994|1988.5|2024-11-09|598.4|INSERT
asn995||sku995|po_995|1990.5|2024-11-10|599|INSERT
asn996||sku996|po_996|1992.5|2024-11-11|599.6|INSERT
asn997||sku997|po_997|1994.5|2024-11-12|600.2|INSERT
asn998||sku998|po_998|1996.5|2024-11-13|600.8|INSERT
asn999||sku999|po_999|1998.5|2024-11-14|601.4|INSERT
asn1000||sku1000|po_1000|2000.5|2024-11-15|602|INSERT
